{"cameraMode":{"drawMode":0,"name":"Shaded","section":"Shading Mode"},"sceneLighting":false,"audioPlay":false,"sceneViewState":{"showFog":true,"showMaterialUpdate":false,"showSkybox":true,"showFlares":true,"showImageEffects":true,"showParticleSystems":true},"in2DMode":false,"pivot":{"x":-42.773529052734378,"y":38.8749885559082,"z":-1.1117383241653443},"rotation":{"x":-0.31437891721725466,"y":-0.0065527805127203468,"z":0.0021698144264519216,"w":-0.9492741823196411},"size":399.1877746582031,"orthographic":false}